Latitude,Longitude,Average_dist_F,Average_popularity_F,Average_rating_F,Max_rating_F,Max_popularity_F,Min_rating_F,Min_popularity_F
41.3881248,2.1951871,672.1,0.9891904520060946,8.95,9.3,0.9994244117149145,8.7,0.9741527001862197
41.4366871,2.1693134,840.8,0.8328674454037582,8.39,8.6,0.9834772304046047,8.2,0.2530760115117657
41.4091355,2.2088179,711.7,0.9797934653800576,8.66,9.1,0.99643135263247,8.4,0.9611782630777044
41.389462,2.1314948,549.4,0.9657497883866599,8.779999999999998,9.0,0.9982800067716269,8.6,0.9244015574741832
41.3917666,2.1532163,760.7,0.9892216014897578,9.23,9.4,0.9999661418655832,9.1,0.9445471474521754
41.4253643,2.1852073,765.0,0.7744276282376841,8.610000000000001,9.4,0.9829558151345861,8.4,0.16634501438970714
41.4299999,2.190246,409.9,0.924697477568986,8.5,9.4,0.9963230066023362,8.0,0.5636295920094803
41.3854094,2.1740155,580.2,0.992725918401896,9.280000000000001,9.4,0.9999119688505164,9.2,0.9683087861858811
41.4433647,2.1906302,701.5,0.924816658202133,7.919999999999999,8.5,0.9996749619095988,7.5,0.5288302014558998
41.4075013,2.1930174,735.4,0.9613942779752837,8.94,9.4,0.9935330963263924,8.8,0.8863111562552903
41.4432762,2.1746238,792.6,0.8977010326730998,7.790000000000001,8.4,0.9942915185373286,7.4,0.44640595903165736
41.4230551,2.1913753,799.7,0.8924090062637549,8.34,9.4,0.9963230066023362,8.1,0.5636295920094803
41.433384,2.1716309,665.1,0.751657355679702,8.49,8.7,0.9834772304046047,8.4,0.16634501438970714
41.3834802,2.1482099,732.6,0.9805627221940071,9.120000000000001,9.4,0.9999322837311664,9.0,0.9378567800914169
41.4297231,2.1617032,303.2,0.8766778398510242,8.43,8.7,0.9834772304046047,8.3,0.2530760115117657
41.3873901,2.1875446,734.0,0.9925193837819538,9.23,9.4,0.9999119688505164,9.1,0.9741527001862197
41.3775319,2.1707321,537.5,0.9899746063991873,9.22,9.3,0.9998781107160996,9.1,0.9683087861858811
41.3781065,2.1696744,536.0,0.9900233621127474,9.2,9.3,0.9998781107160996,9.1,0.9683087861858811
41.3783067,2.1297303,644.1,0.9652425935330962,9.02,9.2,0.9998510242085661,8.9,0.9009446419502285
41.380628,2.1822815,723.2,0.9923433214829863,9.179999999999998,9.4,0.9998781107160996,9.1,0.9803893685457932
41.3751161,2.1523091,597.3,0.9799492127983749,9.139999999999999,9.4,0.9999322837311664,9.0,0.875300490942949
41.4090202,2.1954152,798.2,0.9594941594718132,8.91,9.4,0.9935330963263924,8.7,0.8863111562552903
41.4120452,2.1972673,893.6,0.9721002200778737,8.7,8.9,0.995374978838666,8.5,0.9042153377348908
41.4180789,2.1763994,691.2,0.953256136786863,8.770000000000001,9.4,0.998395124428644,8.5,0.8880108346030133
41.4113024,2.1987258,914.1,0.9703653292703572,8.72,8.9,0.995374978838666,8.6,0.9042153377348908
41.3953855,2.1210928,560.4,0.922376841036059,8.54,9.3,0.9949822244794312,8.3,0.7034569155239546
41.4172922,2.1844769,671.7,0.9320528186896903,8.55,8.9,0.9920771965464703,8.3,0.884530218384967
41.3939378,2.1380304,628.1,0.9591576096157102,8.73,9.0,0.9953140341967157,8.6,0.9172913492466566
41.382335,2.187093,644.6,0.9863565261554088,9.159999999999998,9.3,0.9994244117149145,9.1,0.9602370069409175
41.4092333,2.1557747,718.5,0.9718496698831895,8.99,9.1,0.9974335534112071,8.9,0.9073438293550026
41.3754188,2.1297823,617.0,0.9622759437954971,9.0,9.2,0.9998510242085661,8.8,0.9009446419502285
41.410098,2.1884487,457.0,0.9563081090231927,8.739999999999998,8.9,0.9923819197562215,8.6,0.8880108346030133
41.4183999,2.2058133,553.1,0.8426720839681734,8.0,8.5,0.9764482816996783,7.6,0.04627052649399018
41.4022657,2.1976297,443.5,0.9728173353648215,9.120000000000001,9.4,0.9988962248180125,8.9,0.8863111562552903
41.4306102,2.1564551,554.3,0.8756099542915186,8.43,8.7,0.9730489250042322,8.3,0.2530760115117657
41.3751866,2.1568773,622.1,0.9844333841205352,9.169999999999998,9.4,0.9999322837311664,9.1,0.9511427120365668
41.4060589,2.1740472,425.8,0.9948197054342305,9.25,9.5,0.9999796851193499,8.9,0.971383104790926
41.3545425,2.1433038,627.8,0.9528857287963435,7.17,8.6,0.9831386490604368,6.7,0.9013441679363468
41.3977227,2.1194557,611.7,0.9171437277805994,8.52,9.3,0.9949822244794312,8.3,0.7034569155239546
41.4333259,2.1629258,503.1,0.8766778398510242,8.43,8.7,0.9834772304046047,8.3,0.2530760115117657
41.426925,2.1786224,544.5,0.7753478923311324,8.6,9.4,0.9834772304046047,8.3,0.16634501438970714
41.4216738,2.1799878,651.3,0.847385136278991,8.58,9.0,0.9962417470797359,8.3,0.16634501438970714
41.4268952,2.1842572,674.6,0.7744276282376841,8.610000000000001,9.4,0.9829558151345861,8.4,0.16634501438970714
41.4283127,2.1629889,363.8,0.8766778398510242,8.43,8.7,0.9834772304046047,8.3,0.2530760115117657
41.3934324,2.115107,621.8,0.9341154562383613,8.540000000000001,9.3,0.9949822244794312,8.2,0.7034569155239546
41.3812111,2.1190863,566.4,0.9666145251396647,8.73,9.2,0.9998510242085661,8.5,0.9009446419502285
41.3875297,2.1237141,678.2,0.9835760961571017,8.83,9.3,0.9998510242085661,8.5,0.9389402403927544
41.3812001,2.1323612,685.4,0.9676736075842219,9.040000000000001,9.2,0.9998510242085661,8.9,0.9009446419502285
41.381316,2.181903,745.2,0.993838496698832,9.209999999999999,9.4,0.9998781107160996,9.1,0.9803893685457932
41.3783467,2.1633139,729.2,0.9886541391569323,9.22,9.4,0.9998781107160996,9.1,0.9683087861858811
41.381219,2.141767,763.4,0.9779244963602507,9.080000000000002,9.2,0.9999322837311664,9.0,0.9378567800914169
41.4280668,2.1443777,714.9,0.9220700863382426,7.979999999999999,8.5,0.974403250380904,7.5,0.6782596918909768
41.3854466,2.1288753,629.7,0.9654606399187406,8.919999999999998,9.2,0.9998510242085661,8.8,0.9107431860504486
41.4354601,2.2001569,767.1,0.960629522417688,8.36,8.8,0.9996749619095988,8.1,0.875374978838666
41.4006862,2.1543317,660.1,0.972021669206027,9.16,9.4,0.9993837819536143,9.0,0.9073438293550026
41.4275514,2.1659881,691.8,0.8824384628406975,8.680000000000001,9.4,0.9973116641273065,8.4,0.16634501438970714
41.3953011,2.1965965,730.4,0.9871020822752667,9.15,9.4,0.999715591670899,9.0,0.9611444049432877
41.4224015,2.198071,707.2,0.8344316912138142,8.010000000000002,8.2,0.9838835280176063,7.7,0.04627052649399018
41.3847528,2.1546746,678.4,0.9850631454206873,9.179999999999998,9.4,0.9977450482478415,9.1,0.9445471474521754
41.4200135,2.2016699,564.7,0.8466043676993398,8.040000000000001,8.5,0.9764482816996783,7.6,0.04627052649399018
41.3765618,2.1748621,633.7,0.9899746063991873,9.22,9.3,0.9998781107160996,9.1,0.9683087861858811
41.4361251,2.1894423,631.4,0.9315232774674117,8.510000000000002,9.4,0.9996749619095988,8.2,0.5636295920094803
41.422037,2.174401,781.3,0.867102759437955,8.580000000000002,9.0,0.9962417470797359,8.4,0.16634501438970714
41.4121345,2.1652216,728.0,0.9867953275774506,9.090000000000002,9.4,0.998395124428644,8.7,0.9705231081767395
41.3847738,2.1592566,714.2,0.9885146436431352,9.280000000000001,9.4,0.9999661418655832,9.2,0.9445471474521754
41.3906352,2.111541,696.0,0.9446866429659726,8.500000000000002,9.3,0.9949822244794312,7.9,0.7034569155239546
41.3927771,2.1586273,605.2,0.9901120704249194,9.250000000000002,9.4,0.9999661418655832,9.1,0.9445471474521754
41.3896967,2.1652199,638.4,0.9907289656339934,9.280000000000001,9.4,0.9999661418655832,9.2,0.9445471474521754
41.4450463,2.176726,633.2,0.9372513966480447,7.7299999999999995,8.5,0.9819671576096157,7.3,0.8897240562045031
41.3767538,2.1269152,668.4,0.9622759437954971,9.0,9.2,0.9998510242085661,8.8,0.9009446419502285
41.426078,2.1751572,620.1,0.8179691890976807,8.57,9.0,0.9962417470797359,8.3,0.16634501438970714
41.3871579,2.1410945,722.0,0.9675300490942951,8.91,9.1,0.988183511088539,8.8,0.9389402403927544
41.4055143,2.1706498,506.9,0.9938425596749619,9.27,9.5,0.9999796851193499,9.1,0.971383104790926
41.3968391,2.1756598,657.4,0.9978676146944304,9.309999999999999,9.5,0.9999796851193499,9.2,0.9925850685627222
41.4299201,2.1849813,551.6,0.7820572202471643,8.580000000000002,9.4,0.9829558151345861,8.3,0.16634501438970714
41.3821371,2.1354149,695.2,0.9669666497375994,9.020000000000001,9.2,0.9982800067716269,8.9,0.9107431860504486
41.3808772,2.1559939,717.0,0.987342475029626,9.179999999999998,9.4,0.9999322837311664,9.1,0.9683087861858811
41.4479402,2.1976757,868.1,0.967388844879895,8.029999999999998,8.6,0.9996749619095988,7.6,0.8790087463556852
41.4090922,2.1656378,809.7,0.9938425596749619,9.27,9.5,0.9999796851193499,9.1,0.971383104790926
41.380628,2.1821917,719.5,0.9923433214829863,9.179999999999998,9.4,0.9998781107160996,9.1,0.9803893685457932
41.381276,2.181845,744.4,0.993838496698832,9.209999999999999,9.4,0.9998781107160996,9.1,0.9803893685457932
41.3957813,2.1787074,777.3,0.998536651430506,9.34,9.5,0.9999796851193499,9.2,0.9957406466903673
41.4300161,2.1720191,603.8,0.751272050110039,8.49,8.7,0.9834772304046047,8.4,0.16634501438970714
41.4420913,2.1928992,633.2,0.9738181818181818,8.099999999999998,8.8,0.9996749619095988,7.6,0.9404706280683934
41.3755503,2.1439036,670.2,0.9798842051802946,9.07,9.2,0.9999322837311664,9.0,0.9378567800914169
41.3952027,2.1334873,749.6,0.9677128830201456,8.690000000000001,9.0,0.9953140341967157,8.5,0.9353445065176909
41.3791986,2.1135824,692.8,0.9657111901134247,8.780000000000001,9.2,0.9998510242085661,8.4,0.9009446419502285
41.392567,2.1422174,678.5,0.9731762315896393,8.89,9.4,0.9953140341967157,8.7,0.9172913492466566
41.392135,2.1563542,639.4,0.9897010326730997,9.24,9.4,0.9999661418655832,9.1,0.9445471474521754
41.4347233,2.1817718,743.4,0.7909009649568308,8.610000000000003,9.4,0.9834772304046047,8.4,0.16634501438970714
41.43068,2.1821802,593.1,0.7922593533096326,8.600000000000001,9.4,0.9834772304046047,8.4,0.16634501438970714
41.4364887,2.1841014,777.5,0.8645735567970206,8.590000000000002,9.4,0.9829558151345861,8.4,0.505955645843914
41.4134833,2.2206913,667.6,0.9867668867445403,7.85,8.5,0.9997833079397325,7.5,0.9658303707465719
41.3900085,2.1432105,846.0,0.9766697138987641,9.02,9.4,0.9988623666835957,8.8,0.9558693076011512
41.3938861,2.1601641,617.2,0.9901120704249194,9.250000000000002,9.4,0.9999661418655832,9.1,0.9445471474521754
41.4244527,2.1773157,639.5,0.7780958185203994,8.67,9.4,0.9962417470797359,8.3,0.16634501438970714
41.383467,2.122175,626.2,0.966558320636533,8.84,9.2,0.9998510242085661,8.6,0.9009446419502285
41.401237,2.18742,740.5,0.9872151684442187,9.070000000000002,9.4,0.9979481970543423,8.8,0.9744303368884375
41.380393,2.1606506,723.5,0.9860484171322159,9.23,9.4,0.9967970204841713,9.1,0.9630066023362113
41.3922355,2.1309272,672.2,0.9655080413069241,8.74,9.0,0.9982800067716269,8.5,0.9244015574741832
41.3821314,2.1606534,731.7,0.9927293042153377,9.250000000000002,9.4,0.9992009480277637,9.1,0.9683087861858811
41.419178,2.18018,636.5,0.9444625021161335,8.639999999999999,9.4,0.998395124428644,8.3,0.884530218384967
41.3776292,2.1836886,776.1,0.989023869984764,9.139999999999997,9.3,0.9998781107160996,9.1,0.9602370069409175
41.4117633,2.1453424,752.2,0.9758239377010327,8.989999999999998,9.3,0.9999593702386999,8.8,0.9073438293550026
41.443387,2.1813051,681.4,0.9531450821059758,7.87,8.5,0.9942915185373286,7.4,0.8897240562045031
41.4068417,2.1558354,734.5,0.9618689690198071,9.080000000000002,9.3,0.9902691721686135,9.0,0.9073438293550026
41.411381,2.2122054,659.1,0.9737375994582699,8.370000000000001,8.8,0.9977315049940748,8.0,0.8996106314542068
41.442489,2.185727,638.7,0.9567530049094295,7.74,8.5,0.9942915185373286,7.4,0.9124022346368715
41.410314,2.1757334,636.4,0.9938425596749619,9.27,9.5,0.9999796851193499,9.1,0.971383104790926
41.3863747,2.1646697,559.8,0.9890516336549855,9.280000000000001,9.4,0.9999661418655832,9.2,0.9445471474521754
41.377187,2.176757,668.5,0.9930103267309971,9.209999999999999,9.3,0.9998781107160996,9.1,0.9830641611647198
41.410712,2.2061691,723.4,0.9803087861858814,8.569999999999999,9.1,0.99643135263247,8.3,0.9611782630777044
41.3819739,2.1268625,667.7,0.9629524293211447,9.0,9.2,0.9998510242085661,8.8,0.9009446419502285
41.378118,2.1378667,576.5,0.9652161841882512,9.020000000000001,9.2,0.9999322837311664,8.9,0.9107431860504486
41.3763948,2.1473272,592.7,0.9841455899779923,9.080000000000002,9.4,0.9999322837311664,9.0,0.9378567800914169
41.4132316,2.2177652,691.0,0.9682058574572542,8.03,8.5,0.9997833079397325,7.7,0.8729371931606569
41.4008312,2.206645,650.7,0.9841577789063823,9.129999999999999,9.4,0.999715591670899,9.0,0.9611444049432877
41.412427,2.170592,653.2,0.971167089893347,9.040000000000001,9.4,0.9993702386998476,8.7,0.9255730489250042
41.3467746,2.1436235,434.5,0.7653543253766718,,7.8,0.994128999492128,6.0,0.03905874386321314
41.4388644,2.1657506,633.1,0.859624851870662,7.959999999999999,8.4,0.9865447773827662,7.5,0.44640595903165736
41.4144967,2.1402433,647.4,0.9763846284069748,8.739999999999998,9.3,0.9975283561875741,8.3,0.8644117149145082
41.446923,2.184857,670.4,0.930787878787879,7.6,8.5,0.9819671576096157,7.2,0.8897240562045031
41.3829333,2.1420704,704.3,0.9717034027425088,9.030000000000001,9.2,0.988183511088539,8.9,0.9378567800914169
41.4070139,2.2074469,761.1,0.9663091247672252,8.919999999999998,9.1,0.9935330963263924,8.7,0.8863111562552903
41.3949601,2.1302775,820.9,0.9670594210259015,8.76,9.0,0.9982800067716269,8.5,0.9244015574741832
41.3902194,2.1904003,817.8,0.9915415608599967,9.2,9.4,0.9999119688505164,9.1,0.9702590147282885
41.4356895,2.1920873,588.1,0.9315232774674117,8.510000000000002,9.4,0.9996749619095988,8.2,0.5636295920094803
41.4298614,2.1922011,443.7,0.924697477568986,8.5,9.4,0.9963230066023362,8.0,0.5636295920094803
41.3906051,2.1972309,726.4,0.9892256644658881,9.08,9.3,0.999715591670899,8.7,0.9741527001862197
41.3910756,2.1965766,711.6,0.9892256644658881,9.08,9.3,0.999715591670899,8.7,0.9741527001862197
41.3807072,2.1468381,630.5,0.9828318943626208,9.080000000000002,9.4,0.9999322837311664,9.0,0.9378567800914169
41.3743329,2.1479385,658.1,0.9857748434061284,9.1,9.4,0.9999322837311664,9.0,0.9378567800914169
41.39828,2.1830315,831.6,0.998235991196885,9.309999999999999,9.5,0.9999796851193499,9.2,0.9925850685627222
41.4140598,2.2150487,766.4,0.9645146436431352,8.080000000000002,8.5,0.99643135263247,7.7,0.8996106314542068
41.3847113,2.1334379,558.0,0.9664113763331642,8.969999999999999,9.2,0.9998510242085661,8.8,0.9107431860504486
41.4227912,2.2060317,666.2,0.9232476722532589,7.880000000000001,8.5,0.9555916708989335,7.5,0.8729371931606569
41.3759419,2.1299539,597.0,0.9622759437954971,9.0,9.2,0.9998510242085661,8.8,0.9009446419502285
41.4109763,2.2193724,533.8,0.9862109361774166,7.999999999999998,8.5,0.9997833079397325,7.6,0.9622346368715083
41.4366708,2.186105,743.8,0.874842728965634,8.59,9.4,0.9963230066023362,8.2,0.505955645843914
41.4001015,2.1841711,859.7,0.9947628237684103,9.23,9.5,0.9999796851193499,9.0,0.9744303368884375
41.430623,2.1671068,610.2,0.7561564245810055,8.49,8.7,0.9834772304046047,8.4,0.16634501438970714
41.4480464,2.1775154,584.6,0.9225975960724563,7.409999999999999,8.2,0.9819671576096157,7.1,0.8664364313526325
41.383597,2.184171,716.7,0.9938195361435584,9.260000000000002,9.4,0.9999119688505164,9.1,0.9741527001862197
41.4457195,2.1929816,695.9,0.9102671406805486,7.760000000000001,8.5,0.9996749619095988,7.4,0.5288302014558998
41.4107641,2.1640965,785.5,0.9827858472998138,9.110000000000003,9.4,0.998395124428644,8.9,0.9640155747418317
41.4038902,2.2041137,620.9,0.9728173353648215,9.120000000000001,9.4,0.9988962248180125,8.9,0.8863111562552903
41.3954723,2.1250451,630.6,0.925584560690706,8.61,9.3,0.9982800067716269,8.3,0.7034569155239546
41.4022081,2.1649035,814.7,0.9970929405789739,9.25,9.5,0.9999796851193499,9.1,0.9902691721686135
41.4105848,2.1826833,615.0,0.9697111901134248,9.01,9.4,0.9993702386998476,8.7,0.9042153377348908
41.4031529,2.1445843,548.5,0.9668420518029457,9.020000000000001,9.3,0.9974335534112071,8.9,0.9073438293550026
41.4143392,2.1874539,734.9,0.9566074149314371,8.739999999999998,8.9,0.995374978838666,8.6,0.8880108346030133
41.387235,2.168819,650.7,0.996532249873032,9.3,9.4,0.9999661418655832,9.2,0.9925850685627222
41.3770715,2.1758261,678.0,0.9911555781276451,9.22,9.3,0.9998781107160996,9.1,0.9683087861858811
41.439929,2.1970692,544.1,0.9721923142034875,8.16,8.8,0.9996749619095988,7.6,0.9404706280683934
41.3852864,2.1454802,788.2,0.9761185034704587,9.02,9.1,0.9988623666835957,9.0,0.9378567800914169
41.439692,2.182335,787.9,0.9281171491450821,8.18,8.6,0.9865447773827662,7.8,0.505955645843914
41.3839045,2.1312876,629.6,0.9724550533265617,8.98,9.2,0.9998510242085661,8.8,0.9107431860504486
41.3786364,2.1335494,633.0,0.9611660741493143,9.030000000000001,9.2,0.9998510242085661,8.9,0.9009446419502285
41.4383117,2.2039823,678.8,0.9107941469847752,8.02,8.8,0.9996749619095988,7.4,0.5288302014558998
41.4363473,2.1706752,803.3,0.899826646351786,8.379999999999999,8.6,0.9844929744371085,8.0,0.505955645843914
41.3779974,2.1884228,719.8,0.9865928559336382,9.11,9.2,0.9999390553580497,9.1,0.9661824953445065
41.4431441,2.1996045,611.8,0.9231346156978354,7.99,8.8,0.9996749619095988,7.4,0.5288302014558998
41.3857425,2.1610515,631.5,0.9885146436431352,9.280000000000001,9.4,0.9999661418655832,9.2,0.9445471474521754
41.4093405,2.2024461,836.1,0.9678618588115795,8.91,9.1,0.9935330963263924,8.7,0.8863111562552903
41.3976165,2.1471724,727.0,0.9660192991366175,9.120000000000001,9.4,0.9902691721686135,9.0,0.9073438293550026
41.4016969,2.175767,455.9,0.9977084814626714,9.29,9.5,0.9999796851193499,9.1,0.9925850685627222
41.3873057,2.1631263,507.3,0.9889040121889282,9.250000000000002,9.4,0.9999661418655832,9.1,0.9445471474521754
41.401883,2.131524,725.3,0.9390160826138481,8.53,9.0,0.9936278991027594,8.3,0.8862840697477569
41.4246548,2.166289,704.8,0.8168755713560183,8.66,9.4,0.9973116641273065,8.4,0.16634501438970714
41.4388223,2.1767828,786.6,0.8421533773489083,8.16,8.6,0.9865447773827662,7.8,0.18733705772811918
41.4372022,2.1620235,805.2,0.8750540037243948,8.370000000000001,8.7,0.974403250380904,8.2,0.2530760115117657
41.3983902,2.1960799,457.6,0.9731633654985611,9.110000000000001,9.4,0.9988962248180125,8.9,0.8863111562552903
41.3970497,2.1279409,642.0,0.9506558320636534,8.569999999999999,9.3,0.9949822244794312,8.3,0.8954460809209412
41.393489,2.1707419,678.7,0.9899570001692906,9.280000000000001,9.4,0.9999661418655832,9.2,0.9445471474521754
41.4417001,2.1781553,786.7,0.9060247164381243,7.919999999999999,8.5,0.9942915185373286,7.5,0.44640595903165736
41.4315843,2.1769107,577.2,0.7898669375317419,8.56,9.4,0.9963230066023362,8.2,0.16634501438970714
41.3811389,2.1729755,554.5,0.9916262061960385,9.260000000000002,9.4,0.9998781107160996,9.2,0.9683087861858811
41.3768806,2.1698206,583.0,0.9899746063991873,9.22,9.3,0.9998781107160996,9.1,0.9683087861858811
41.4427374,2.170393,640.1,0.8993580497714575,7.720000000000001,8.4,0.9865447773827662,7.3,0.44640595903165736
41.3985735,2.1440826,792.9,0.9674257660402912,9.08,9.4,0.9974335534112071,8.8,0.9073438293550026
41.37686,2.19067,730.8,0.9865650922634164,9.05,9.2,0.9999390553580497,8.9,0.9661824953445065
41.3793558,2.1689592,545.1,0.988163196207889,9.209999999999999,9.3,0.9998781107160996,9.1,0.9630066023362113
41.3893094,2.1727457,612.1,0.9965532419163704,9.309999999999999,9.4,0.9999661418655832,9.2,0.9925850685627222
41.417694,2.1976864,600.6,0.8282945657694262,8.040000000000001,8.3,0.9764482816996783,7.7,0.04627052649399018
41.4139298,2.2017955,673.0,0.8637508041306925,8.260000000000002,8.7,0.9934856949382089,7.9,0.04627052649399018
41.4158412,2.1959771,670.8,0.8330590824445572,8.190000000000001,8.5,0.9952666328085322,8.0,0.04627052649399018
41.38860659692564,2.1921945084594707,776.3,0.9927563907228713,9.139999999999997,9.3,0.9994244117149145,9.1,0.9741527001862197
41.4050074,2.134603,762.7,0.9007814457423399,8.8,9.3,0.9975283561875741,8.4,0.16369730827831386
41.3960652,2.1871959,759.1,0.9868230912476724,9.14,9.4,0.9999119688505164,8.9,0.9621601489757914
41.3935816,2.1345892,753.5,0.9611166412730657,8.780000000000001,9.0,0.9982800067716269,8.6,0.9172913492466566
41.4513863,2.1894717,649.6,0.7947628060002933,6.769999999999999,7.8,0.9980563654033042,5.8,0.11633654985610292
41.4072349,2.1684799,616.5,0.9938425596749619,9.27,9.5,0.9999796851193499,9.1,0.971383104790926
41.4175595,2.1877153,809.9,0.9316119857795837,8.51,8.9,0.9920771965464703,8.3,0.884530218384967
41.4347859,2.147904,411.0,0.9358137802607075,7.720000000000001,8.5,0.9908786185881158,7.0,0.751447435246318
41.4276076,2.1697582,690.3,0.8246805485017775,8.580000000000002,9.0,0.9962417470797359,8.4,0.16634501438970714
41.4378773,2.1910691,675.1,0.9325295412222786,8.510000000000002,9.4,0.9996749619095988,8.2,0.5636295920094803
41.4389014,2.1715576,639.9,0.8056035212459793,7.9399999999999995,8.6,0.9865447773827662,7.5,0.36436092771288303
41.3675574,2.1388216,842.3,0.9798449297443712,8.87,9.2,0.9959641103775182,8.6,0.947635009310987
41.3785379,2.1767427,587.9,0.9930590824445572,9.189999999999998,9.3,0.9998781107160996,9.1,0.9830641611647198
41.4031491,2.1707947,513.1,0.9950519722363298,9.27,9.5,0.9999796851193499,9.1,0.971383104790926
41.3856474,2.1634306,594.1,0.9885146436431352,9.280000000000001,9.4,0.9999661418655832,9.2,0.9445471474521754
41.3982304,2.1531031,648.1,0.9700748264770611,9.179999999999998,9.4,0.9993837819536143,9.1,0.9073438293550026
41.4182129,2.1904005,777.0,0.9287597765363129,8.36,8.7,0.9837413238530557,8.1,0.884530218384967
41.4191957,2.1718497,741.6,0.9618967326900286,8.85,9.4,0.998395124428644,8.4,0.884530218384967
41.3755016,2.154004,576.1,0.9799492127983749,9.139999999999999,9.4,0.9999322837311664,9.0,0.875300490942949
41.4373376,2.1740962,688.1,0.8425671237514815,8.16,8.6,0.9865447773827662,7.8,0.18733705772811918
41.385641,2.113096,752.6,0.9762126290841374,8.760000000000002,9.3,0.9998510242085661,8.3,0.9300694091755545
41.4078456,2.1586704,700.1,0.9770394447265955,8.98,9.1,0.9965261554088369,8.9,0.955997968511935
41.4047056,2.1765126,451.2,0.995632977822922,9.29,9.5,0.9999796851193499,9.1,0.971383104790926
41.4306689,2.1456449,622.8,0.9332696800406298,7.909999999999999,8.5,0.9908786185881158,7.2,0.751447435246318
41.3850616,2.1766834,610.2,0.9958374809547994,9.290000000000001,9.4,0.9999119688505164,9.2,0.9830641611647198
41.3773113,2.1646742,630.3,0.9872801760622989,9.209999999999999,9.4,0.9998781107160996,9.1,0.9683087861858811
41.4025392,2.1524704,671.3,0.9679925512104284,9.120000000000001,9.4,0.9945352971051296,9.0,0.9073438293550026
41.381046,2.186576,638.4,0.989650922634163,9.159999999999998,9.3,0.9999390553580497,9.1,0.9602370069409175
41.3954041,2.1681961,695.4,0.9920074487895716,9.260000000000002,9.5,0.9999661418655832,9.1,0.9445471474521754
41.4345997,2.1585268,672.5,0.8756099542915186,8.43,8.7,0.9730489250042322,8.3,0.2530760115117657
41.4074131,2.1381069,701.5,0.9710837988826814,9.05,9.3,0.9971288302014559,8.8,0.9073438293550026
41.360798,2.138931,721.0,0.969713898764178,8.34,9.0,0.9863687150837989,7.8,0.9145420687320128
41.3770199,2.1169828,222514.6,0.9555458996598304,8.670000000000002,9.2,0.9998510242085661,8.4,0.9009446419502285
41.3987543,2.1902116,726.4,0.9730685627221941,9.13,9.4,0.9979481970543423,8.9,0.8863111562552903
41.4029965,2.1283866,660.9,0.9407970204841714,8.52,9.0,0.9936278991027594,8.3,0.8862840697477569
41.3989151,2.1564253,634.0,0.9700748264770611,9.179999999999998,9.4,0.9993837819536143,9.1,0.9073438293550026
41.4052698,2.1420204,537.9,0.9642383612662944,8.989999999999998,9.3,0.9945352971051296,8.8,0.9073438293550026
41.3937234,2.1764275,661.9,0.9960697477568987,9.31,9.4,0.9999661418655832,9.2,0.9803893685457932
41.3819459,2.1629146,678.2,0.9912612155070255,9.260000000000002,9.4,0.9992009480277637,9.2,0.9683087861858811
41.3998981,2.1281922,620.7,0.9415425766040292,8.459999999999999,9.0,0.9806331471135941,8.3,0.8862840697477569
41.3878061,2.1344218,603.9,0.9683033688843745,8.87,9.0,0.9982800067716269,8.7,0.93776197731505
41.4148983,2.207186,747.6,0.8671420348738785,8.21,8.5,0.9952666328085322,7.9,0.04627052649399018
41.4389609,2.1996179,612.2,0.9627749100365678,8.1,8.8,0.9996749619095988,7.6,0.9037900874635568
41.4065291,2.2091221,711.5,0.9651044523446759,8.879999999999999,9.1,0.9871135940409683,8.7,0.8863111562552903
41.3952527,2.1730023,786.5,0.9980260707635008,9.349999999999998,9.5,0.9999796851193499,9.2,0.9916979854410022
41.3790718,2.1490553,567.3,0.9833824276282378,9.09,9.4,0.9999322837311664,9.0,0.9378567800914169
41.4009,2.13892,775.7,0.9664973759945827,8.969999999999999,9.3,0.9953140341967157,8.8,0.9073438293550026
41.39161170092347,2.1689031978751205,702.3,0.9961970543423057,9.3,9.4,0.9999661418655832,9.2,0.9916979854410022
41.3935355,2.1231228,772.7,0.9457294735060099,8.680000000000001,9.3,0.9982800067716269,8.4,0.7034569155239546
41.3887069,2.1285766,648.1,0.972661587946504,8.83,9.2,0.9998510242085661,8.6,0.9389402403927544
41.4138664,2.1777274,710.1,0.9634988996106315,8.959999999999999,9.4,0.998395124428644,8.6,0.8880108346030133
41.3830299,2.1571646,706.4,0.9858452683257152,9.2,9.4,0.9977450482478415,9.1,0.9630066023362113
41.392052,2.1480223,747.8,0.9780145589977993,9.15,9.4,0.9988623666835957,9.0,0.9445471474521754
41.3862258,2.1168609,709.5,0.9830214999153546,8.830000000000002,9.3,0.9998510242085661,8.4,0.9300694091755545
41.4352071,2.1948002,565.5,0.9354040968342645,8.48,9.4,0.9996749619095988,8.2,0.5636295920094803
41.388296,2.150878,728.4,0.981530387675639,9.169999999999998,9.4,0.9967970204841713,9.0,0.9445471474521754
41.4065912,2.203028,693.0,0.9687387844929745,9.040000000000001,9.4,0.9935330963263924,8.8,0.8863111562552903
41.3999967,2.1644531,852.1,0.9912185542576604,9.280000000000001,9.5,0.9999796851193499,9.2,0.9445471474521754
41.3872437,2.1793035,600.1,0.9955700016929068,9.290000000000001,9.4,0.9999119688505164,9.2,0.9803893685457932
41.4058109,2.1949461,743.8,0.9726907059421027,9.070000000000002,9.4,0.9935330963263924,8.9,0.8863111562552903
41.385086,2.174016,575.7,0.992725918401896,9.280000000000001,9.4,0.9999119688505164,9.2,0.9683087861858811
41.3649272,2.138599,791.4,0.877312341289995,8.499999999999998,9.0,0.9863687150837989,8.3,0.08020992043338412
41.3853868,2.122893,710.9,0.9685681394955138,8.91,9.3,0.9998510242085661,8.6,0.9009446419502285
41.392384,2.1925059,756.7,0.9880954799390553,9.190000000000001,9.4,0.9994244117149145,9.0,0.9741527001862197
41.4038559,2.2084257,616.5,0.9694931437277805,9.03,9.4,0.9988962248180125,8.8,0.8863111562552903
41.4023354,2.2105777,662.8,0.9696597257491113,8.959999999999999,9.2,0.999715591670899,8.8,0.8863111562552903
41.3981616,2.1386719,781.3,0.9597128830201456,8.870000000000001,9.3,0.9953140341967157,8.7,0.9073438293550026
41.400654,2.210191,622.7,0.9696597257491113,8.959999999999999,9.2,0.999715591670899,8.8,0.8863111562552903
41.3924661,2.1717397,654.5,0.9899570001692906,9.280000000000001,9.4,0.9999661418655832,9.2,0.9445471474521754
41.4039698,2.1729061,399.9,0.995632977822922,9.29,9.5,0.9999796851193499,9.1,0.971383104790926
41.3961412,2.2078439,665.3,0.9730143897071273,9.07,9.4,0.999715591670899,8.8,0.8863111562552903
41.4116634,2.2183313,559.3,0.9862109361774166,7.999999999999998,8.5,0.9997833079397325,7.6,0.9622346368715083
41.3953894,2.1572953,681.1,0.9892216014897578,9.23,9.4,0.9999661418655832,9.1,0.9445471474521754
41.3631066,2.1398322,784.8,0.9855730489250043,8.48,9.0,0.9995124428643982,8.2,0.9707059421025902
41.3754426,2.1398409,664.1,0.9778588115794818,9.040000000000001,9.2,0.9999322837311664,8.9,0.9378567800914169
41.3902625,2.164035,652.0,0.9907289656339934,9.280000000000001,9.4,0.9999661418655832,9.2,0.9445471474521754
41.39352,2.166797,604.8,0.9917074657186387,9.24,9.4,0.9999661418655832,9.1,0.9445471474521754
41.4246885,2.1570492,747.5,0.8919505671237514,8.620000000000001,9.4,0.9973116641273065,8.4,0.2530760115117657
41.3880355,2.1256248,744.4,0.9799255121042829,8.93,9.3,0.9998510242085661,8.7,0.9389402403927544
41.4304126,2.1834174,556.3,0.7820572202471643,8.580000000000002,9.4,0.9829558151345861,8.3,0.16634501438970714
41.3751767,2.1658972,798.4,0.9896834264432031,9.260000000000002,9.4,0.9998781107160996,9.2,0.9683087861858811
41.3936144,2.1507739,674.0,0.9818324022346369,9.16,9.4,0.9993837819536143,9.0,0.9445471474521754
41.3915195,2.1390667,615.1,0.958141188420518,8.77,9.0,0.9953140341967157,8.6,0.9172913492466566
41.3653426,2.1331357,644.3,0.9610225156593872,8.489999999999998,9.0,0.9863687150837989,8.2,0.9140071102082276
41.3750995,2.1613897,728.8,0.9850563737938041,9.179999999999998,9.4,0.9996681902827155,9.1,0.9683087861858811
41.3905303,2.1906339,838.1,0.9915415608599967,9.2,9.4,0.9999119688505164,9.1,0.9702590147282885
41.4030225,2.1913538,724.2,0.9838544100220078,9.120000000000001,9.4,0.9979481970543423,8.9,0.9611444049432877
41.4156285,2.1817876,752.8,0.9650015236160489,8.86,9.4,0.998395124428644,8.5,0.8880108346030133
41.3847061,2.1170751,732.4,0.9825671237514811,8.889999999999999,9.3,0.9998510242085661,8.5,0.9009446419502285
41.4250835,2.1872818,786.2,0.8170672083968172,8.58,9.4,0.9829558151345861,8.3,0.16634501438970714
41.3860607,2.1702467,596.4,0.9927313357034027,9.280000000000001,9.4,0.9999661418655832,9.2,0.9683087861858811
41.376735,2.1740082,597.3,0.9899746063991873,9.22,9.3,0.9998781107160996,9.1,0.9683087861858811
41.379326,2.189906,668.8,0.9867235483324869,9.12,9.2,0.9999390553580497,9.1,0.9661824953445065
41.381708,2.177292,625.5,0.9925356356864736,9.260000000000002,9.4,0.9998781107160996,9.2,0.9803893685457932
41.419965,2.1401823,773.6,0.9268704926358557,8.22,9.3,0.9971288302014559,7.8,0.6782596918909768
41.4506081,2.1923629,715.0,0.8085302897394694,,7.6,0.9980563654033042,7.1,0.08968342644320298
41.3842634,2.1692556,597.8,0.9947919417640089,9.280000000000001,9.4,0.9999661418655832,9.2,0.9830641611647198
41.3958685,2.192952,675.9,0.9843798882681565,9.17,9.4,0.9994244117149145,9.0,0.9611444049432877
41.4064529,2.1785364,541.2,0.9948197054342305,9.25,9.5,0.9999796851193499,8.9,0.971383104790926
41.4071692,2.1820722,737.4,0.9948197054342305,9.25,9.5,0.9999796851193499,8.9,0.971383104790926
41.3869612,2.1820169,544.1,0.9957331979007957,9.25,9.4,0.9999119688505164,9.1,0.9803893685457932
41.3833653,2.1946255,640.1,0.9917040799051973,9.11,9.3,0.9999390553580497,8.9,0.9741527001862197
41.357067,2.141563,761.7,0.9751332317589302,7.789999999999999,9.0,0.9916912138141188,7.1,0.9340985271711528
41.4110754,2.1809764,647.9,0.9739028271542237,9.059999999999999,9.4,0.9993702386998476,8.8,0.9042153377348908
41.4056269,2.1977119,699.3,0.9721354325376673,9.090000000000002,9.4,0.9935330963263924,8.9,0.8863111562552903
41.387561,2.1306737,525.0,0.970298290164212,8.849999999999998,9.2,0.9998510242085661,8.6,0.9389402403927544
41.3850278,2.1510385,742.4,0.9888146267140681,9.2,9.4,0.9967970204841713,9.1,0.9712612155070256
41.416043,2.2124993,779.6,0.9587384459116304,8.13,8.5,0.99643135263247,7.7,0.8996106314542068
41.3893222,2.1678388,687.8,0.9958855595056713,9.3,9.4,0.9999661418655832,9.2,0.9916979854410022
41.3881262,2.1091535,670.2,0.947217877094972,8.41,9.3,0.9949822244794312,7.7,0.7034569155239546
41.3969455,2.136346,732.2,0.9588244455730491,8.690000000000001,9.0,0.9953140341967157,8.5,0.9172913492466566
41.4457962,2.2010422,753.1,0.9570875815174071,8.049999999999999,8.6,0.9996749619095988,7.6,0.8790087463556852
41.37541,2.1232547,606.7,0.9624418486541393,8.909999999999998,9.2,0.9998510242085661,8.6,0.9009446419502285
41.3879131,2.150342,755.5,0.981530387675639,9.169999999999998,9.4,0.9967970204841713,9.0,0.9445471474521754
41.4098842,2.1715285,579.3,0.9938425596749619,9.27,9.5,0.9999796851193499,9.1,0.971383104790926
41.387696,2.1696543,644.4,0.9968437447096665,9.3,9.4,0.9999661418655832,9.2,0.9925850685627222
41.4000778,2.1326911,736.9,0.9428014220416456,8.569999999999999,9.0,0.9953140341967157,8.3,0.8862840697477569
41.4312335,2.1499103,685.0,0.9594142542745894,8.22,8.7,0.9908786185881158,7.7,0.9293922464872185
41.4095489,2.1360313,619.9,0.9835239546301,8.790000000000001,9.3,0.9975283561875741,8.4,0.9574606399187405
41.3748001,2.1889045,724.2,0.9871535466395802,8.91,9.1,0.9999390553580497,8.8,0.9523616048755713
41.3887127,2.1542277,677.1,0.9863998645674622,9.209999999999999,9.4,0.9999661418655832,9.1,0.9445471474521754
41.3513237,2.1450958,623.6,0.8563047232097512,6.960000000000001,8.6,0.9886236668359574,6.3,0.15531403419671577
41.3796421,2.1368202,574.0,0.9639911968850516,9.010000000000002,9.2,0.988183511088539,8.9,0.9107431860504486
41.3890253,2.1968267,618.0,0.9893434907736584,8.93,9.3,0.999715591670899,8.5,0.9549754528525478
41.4095069,2.1885055,422.1,0.9563081090231927,8.739999999999998,8.9,0.9923819197562215,8.6,0.8880108346030133
41.3790954665734,2.1516210083711997,594.7,0.9834183172507196,9.09,9.4,0.9999322837311664,9.0,0.9378567800914169
41.3727426,2.1539198,575.5,0.9862048417132216,9.139999999999999,9.4,0.9999322837311664,9.0,0.9378567800914169
41.403216,2.2136,755.9,0.983562552903335,8.77,9.2,0.9991535466395801,8.6,0.9659590316573556
41.3972809,2.1997869,493.6,0.9841577789063823,9.129999999999999,9.4,0.999715591670899,9.0,0.9611444049432877
41.3954877,2.1771985,705.5,0.9978527171152869,9.33,9.5,0.9999796851193499,9.2,0.9925850685627222
41.3812504,2.1594741,741.2,0.9864614863721008,9.24,9.4,0.9985373285931946,9.1,0.9630066023362113
41.462095,2.178959,463.4,0.5776020099196468,,8.3,0.9781981356631717,6.1,0.21019807008633823
41.37684,2.114029,222649.7,0.9555458996598304,8.670000000000002,9.2,0.9998510242085661,8.4,0.9009446419502285
41.4325013,2.1842021,598.9,0.7856942610462163,8.590000000000002,9.4,0.9829558151345861,8.4,0.16634501438970714
41.3745238,2.1422556,695.2,0.9821757237176232,9.059999999999999,9.2,0.9999322837311664,9.0,0.9378567800914169
41.3983444,2.1598243,664.3,0.9870289487049263,9.19,9.4,0.9999661418655832,9.1,0.9445471474521754
41.3779613,2.1450491,668.0,0.9809134924665651,9.1,9.4,0.9999322837311664,9.0,0.9378567800914169
41.3806074,2.1408633,753.9,0.9795666158794651,9.07,9.2,0.9999322837311664,9.0,0.9378567800914169
41.3806411,2.1671611,610.2,0.9911752158456067,9.250000000000002,9.4,0.9998781107160996,9.2,0.9683087861858811
41.4013296,2.1574439,709.3,0.972021669206027,9.16,9.4,0.9993837819536143,9.0,0.9073438293550026
41.4055198,2.1622548,793.5,0.9708542407313357,9.080000000000002,9.4,0.999905197223633,9.0,0.8912002708650754
41.3826647,2.1717083,526.0,0.9916262061960385,9.260000000000002,9.4,0.9998781107160996,9.2,0.9683087861858811
41.3982615,2.1866517,840.3,0.988029795158287,9.16,9.4,0.9999119688505164,8.9,0.9744303368884375
41.3942108,2.2008756,724.1,0.9871020822752667,9.15,9.4,0.999715591670899,9.0,0.9611444049432877
41.4166982,2.1909952,807.8,0.9479823937701035,8.459999999999999,8.9,0.995374978838666,8.2,0.8880108346030133
41.4490679,2.1833801,607.0,0.9236106314542069,7.549999999999999,8.5,0.9819671576096157,7.1,0.8664364313526325
41.4418604,2.1664224,707.6,0.8801198577958355,7.720000000000001,8.4,0.9865447773827662,7.3,0.44640595903165736
41.4105956,2.1579897,614.5,0.9802444557304894,8.93,9.1,0.9999593702386999,8.8,0.952185542576604
41.3755747,2.1629349,714.7,0.9838063314711359,9.179999999999998,9.4,0.9973252073810733,9.1,0.9683087861858811
41.4361782,2.2047037,748.3,0.9127453172373933,7.94,8.8,0.9996749619095988,7.4,0.5288302014558998
41.3720293,2.1804468,920.1,0.9932832232943966,9.080000000000002,9.3,0.9999390553580497,8.9,0.9830641611647198
41.3988184485363,2.166735224916682,772.8,0.9921286609107838,9.280000000000001,9.5,0.9999796851193499,9.2,0.9445471474521754
41.3812979,2.1289917,702.0,0.9657078042999829,9.030000000000001,9.2,0.9998510242085661,8.9,0.9009446419502285
41.383585,2.112186,222693.9,0.9795140730134785,8.66,9.2,0.9998510242085661,8.2,0.9300694091755545
41.3989713,2.1606736,640.1,0.9867350600981887,9.19,9.4,0.9999661418655832,9.1,0.9445471474521754
41.4084796,2.192042,521.8,0.9709165396986628,8.790000000000001,9.1,0.9935330963263924,8.6,0.9042153377348908
41.3889129,2.1993105,628.8,0.9825292026409345,8.870000000000001,9.2,0.999715591670899,8.5,0.9312815303876757
41.4003471,2.1969105,406.8,0.9728173353648215,9.120000000000001,9.4,0.9988962248180125,8.9,0.8863111562552903
41.3981669,2.1754896,582.2,0.9982840697477569,9.29,9.5,0.9999796851193499,9.1,0.9925850685627222
41.38268,2.16712,590.1,0.9917122058574572,9.250000000000002,9.4,0.9998781107160996,9.2,0.9683087861858811
41.399017,2.124329,555.3,0.9208701540545118,8.52,9.3,0.9949822244794312,8.3,0.7034569155239546
41.4053697,2.2135818,651.9,0.9798191975622143,8.68,9.1,0.9991535466395801,8.5,0.9560724564076519
41.448152,2.19294,836.5,0.9092263238604591,7.700000000000001,8.5,0.9996749619095988,7.4,0.5288302014558998
41.391062,2.1801142,536.2,0.9953004909429491,9.3,9.4,0.9999119688505164,9.2,0.9803893685457932
41.4260751,2.1722534,701.3,0.8165329270357203,8.580000000000002,9.0,0.9962417470797359,8.4,0.16634501438970714
41.4005784,2.1788855,596.8,0.9945088877602843,9.26,9.5,0.9999796851193499,9.1,0.9621601489757914
41.3969839,2.1661852,768.5,0.9914040968342643,9.280000000000001,9.5,0.9999796851193499,9.2,0.9445471474521754
41.3751145,2.1709386,667.0,0.9893069239884882,9.209999999999999,9.3,0.9998781107160996,9.1,0.9683087861858811
41.3702483,2.1878126,612.2,0.9932364990689011,8.77,9.1,0.9999390553580497,8.6,0.9775656001354326
41.384844,2.185085,795.3,0.9936143558489926,9.270000000000001,9.4,0.9999119688505164,9.2,0.9741527001862197
41.3757914,2.1499102,527.8,0.9853780260707635,9.1,9.4,0.9999322837311664,9.0,0.9378567800914169
41.4018686,2.20077,483.3,0.9841577789063823,9.129999999999999,9.4,0.999715591670899,9.0,0.9611444049432877
41.3733857,2.1709545,687.6,0.9872950736414424,9.169999999999998,9.3,0.9999525986118165,9.1,0.9683087861858811
41.3908381,2.1743743,648.2,0.9965532419163704,9.309999999999999,9.4,0.9999661418655832,9.2,0.9925850685627222
41.3871079,2.1753364,594.9,0.9967895716945996,9.290000000000001,9.4,0.9999119688505164,9.2,0.9925850685627222
41.4110822,2.2163136,583.9,0.9753045539190792,8.240000000000002,8.8,0.9997833079397325,7.7,0.8996106314542068
41.4063864,2.1874404,411.6,0.967800237006941,8.819999999999999,9.1,0.9935330963263924,8.6,0.9042153377348908
41.3992169,2.2041415,519.0,0.9841577789063823,9.129999999999999,9.4,0.999715591670899,9.0,0.9611444049432877
41.3717304,2.1554047,596.3,0.9924062976130017,9.179999999999998,9.4,0.9999322837311664,9.0,0.9712612155070256
41.40013,2.1780175,567.1,0.9945088877602843,9.26,9.5,0.9999796851193499,9.1,0.9621601489757914
41.3754047,2.1680021,700.6,0.9893069239884882,9.209999999999999,9.3,0.9998781107160996,9.1,0.9683087861858811
41.400305,2.149144,649.2,0.9660985271711529,9.120000000000001,9.4,0.9945352971051296,9.0,0.9073438293550026
41.3897943,2.1328634,522.7,0.9687997291349246,8.79,9.0,0.9982800067716269,8.6,0.9389402403927544
41.3941557,2.1813305,616.4,0.9919905197223633,9.28,9.4,0.9999119688505164,9.1,0.9621601489757914
41.4134503,2.1631012,766.0,0.9897389537836465,9.090000000000002,9.4,0.9999593702386999,8.7,0.971383104790926
41.3967824,2.1445567,794.6,0.9662515659387167,9.09,9.4,0.9974335534112071,8.8,0.9073438293550026
41.4194972,2.20934,592.9,0.9275456238361265,7.890000000000001,8.5,0.9764482816996783,7.5,0.8729371931606569
41.4256626,2.2008632,872.9,0.9436851193499238,8.07,8.5,0.9838835280176063,7.7,0.8889114609785
41.3986238,2.1204941,585.0,0.9203121719993229,8.51,9.3,0.9949822244794312,8.2,0.7034569155239546
41.371459,2.127854,752.3,0.9539366852886408,8.91,9.2,0.9873438293550025,8.6,0.9009446419502285
41.4486328,2.1898372,721.6,0.9150614525139664,7.37,8.5,0.9551379718977484,6.8,0.8664364313526325
41.4034967,2.1936584,638.8,0.9726907059421027,9.070000000000002,9.4,0.9935330963263924,8.9,0.8863111562552903
41.3816139,2.1677697,580.1,0.9917122058574572,9.250000000000002,9.4,0.9998781107160996,9.2,0.9683087861858811
41.4239719,2.1812399,660.2,0.7739908583037074,8.67,9.4,0.9962417470797359,8.3,0.16634501438970714
41.3694508,2.1879597,663.9,0.9932364990689011,8.77,9.1,0.9999390553580497,8.6,0.9775656001354326
41.3736911,2.188928,716.6,0.9850753343490772,8.899999999999999,9.1,0.9999390553580497,8.8,0.9523616048755713
41.4219291,2.1849107,686.5,0.8999498899610632,8.54,9.4,0.9963230066023362,8.2,0.5636295920094803
41.3723682,2.1419494,685.1,0.9796302691721687,9.040000000000001,9.2,0.9999322837311664,8.9,0.9378567800914169
41.4296439,2.174444,609.8,0.7141059759607246,8.590000000000002,9.4,0.9834772304046047,8.4,0.16634501438970714
41.4040364,2.183145,680.4,0.996538344337227,9.170000000000002,9.5,0.9999796851193499,8.9,0.9888403588962248
41.4339212,2.2062245,872.3,0.8410121193365978,8.02,8.8,0.9996749619095988,7.4,0.2875165058405282
41.4026275,2.2017694,456.0,0.9728173353648215,9.120000000000001,9.4,0.9988962248180125,8.9,0.8863111562552903
41.4118378,2.1778852,756.8,0.9805573048925004,9.110000000000001,9.4,0.9999796851193499,8.8,0.9042153377348908
41.3734706,2.1332694,616.6,0.9504425258168275,8.959999999999999,9.2,0.9873438293550025,8.8,0.9009446419502285
41.37652,2.17881,738.5,0.9903714237345522,9.169999999999998,9.3,0.9998781107160996,9.1,0.9714643643135263
41.4050968,2.1569161,758.2,0.9653685457931267,9.09,9.3,0.9939258506856272,9.0,0.9073438293550026
41.4145805,2.2008139,616.0,0.8606521076688676,8.150000000000002,8.5,0.9952666328085322,7.9,0.04627052649399018
41.4120681,2.1907524,679.8,0.9563081090231927,8.739999999999998,8.9,0.9923819197562215,8.6,0.8880108346030133
41.3937414,2.1455022,851.5,0.9775188759099374,9.069999999999999,9.4,0.9988623666835957,8.8,0.9524360927712883
41.3756948,2.1358571,543.3,0.9642464872185543,8.99,9.2,0.988183511088539,8.9,0.9107431860504486
41.384546,2.184922,715.3,0.9938195361435584,9.260000000000002,9.4,0.9999119688505164,9.1,0.9741527001862197
41.3954094,2.1599427,647.0,0.9897010326730997,9.24,9.4,0.9999661418655832,9.1,0.9445471474521754
41.3960982,2.1513154,724.5,0.9727238869138312,9.179999999999998,9.4,0.9993837819536143,9.1,0.9073438293550026
41.3943454,2.1751709,699.4,0.9979705434230575,9.34,9.5,0.9999661418655832,9.2,0.9925850685627222
41.3703717,2.1389439,781.2,0.9769988149652955,9.010000000000002,9.2,0.9999322837311664,8.8,0.9378567800914169
41.3776721,2.157233,633.8,0.9822143219908585,9.149999999999999,9.4,0.9999322837311664,9.1,0.9511427120365668
41.376433,2.17871,739.2,0.9903714237345522,9.169999999999998,9.3,0.9998781107160996,9.1,0.9714643643135263
41.3718728,2.180302,897.7,0.9924191637040799,9.05,9.3,0.9999390553580497,8.8,0.9830641611647198
41.377046,2.16113608,702.7,0.9833980023700695,9.2,9.4,0.9939867953275775,9.1,0.9683087861858811
41.387888,2.1552902,738.8,0.9849310986964618,9.219999999999999,9.4,0.9999661418655832,9.1,0.9445471474521754
41.3943033,2.1860256,761.0,0.9868887760284408,9.2,9.4,0.9999119688505164,9.0,0.9621601489757914
41.4108439,2.1740575,618.9,0.9938425596749619,9.27,9.5,0.9999796851193499,9.1,0.971383104790926
41.4202459,2.1894852,774.7,0.9310228542407314,8.370000000000001,8.7,0.9838835280176063,8.2,0.884530218384967
41.4095926,2.1524953,692.1,0.9670919248349417,9.030000000000001,9.3,0.9965261554088369,8.9,0.9073438293550026
41.400793,2.122889,628.8,0.9172696800406298,8.41,9.0,0.9806331471135941,8.2,0.7034569155239546
41.3808222,2.141539,752.9,0.9779244963602507,9.080000000000002,9.2,0.9999322837311664,9.0,0.9378567800914169
41.3834753,2.194735,641.2,0.9917040799051973,9.11,9.3,0.9999390553580497,8.9,0.9741527001862197
41.4340849,2.1748267,642.4,0.830965972574911,8.41,8.7,0.9844929744371085,8.0,0.16634501438970714
41.39038,2.121,609.4,0.9413103098019299,8.58,9.3,0.9982800067716269,8.3,0.7034569155239546
41.4391174,2.1858025,781.3,0.9348136109700356,8.4,9.4,0.9963230066023362,8.0,0.5636295920094803
41.388885,2.18329,593.5,0.99554020653462,9.27,9.4,0.9999119688505164,9.1,0.9803893685457932
41.389135,2.183489,604.1,0.99554020653462,9.27,9.4,0.9999119688505164,9.1,0.9803893685457932
41.3914292,2.1805685,557.1,0.9953004909429491,9.3,9.4,0.9999119688505164,9.2,0.9803893685457932
41.3911035,2.1801763,538.3,0.9953004909429491,9.3,9.4,0.9999119688505164,9.2,0.9803893685457932
41.389492,2.17425,612.8,0.9965532419163704,9.309999999999999,9.4,0.9999661418655832,9.2,0.9925850685627222
41.3795862,2.1925198,724.7,0.9875598442525817,9.12,9.2,0.9999390553580497,9.1,0.9661824953445065
41.4228449,2.1866363,754.7,0.8927760284408329,8.53,9.4,0.9963230066023362,8.2,0.5636295920094803
41.429561735076526,2.158968456344588,348.4,0.8757704418486542,8.41,8.7,0.974403250380904,8.3,0.2530760115117657
41.4059356,2.1517977,579.1,0.9657755205688167,9.07,9.3,0.9945352971051296,9.0,0.9073438293550026
41.396994,2.1706323,703.1,0.9975940409683426,9.280000000000001,9.5,0.9999796851193499,9.2,0.9916979854410022
41.4158995,2.1745567,698.5,0.9755774504824786,8.9,9.4,0.998395124428644,8.5,0.9289250042322668
41.36352,2.1369015,636.2,0.9648410360589132,8.44,9.0,0.9863687150837989,8.1,0.8991298459454884
41.4298991,2.1932159,469.5,0.9315835449466734,8.43,9.4,0.9963230066023362,8.0,0.5636295920094803
41.392878,2.143411,815.6,0.9725356356864736,8.929999999999998,9.4,0.9953140341967157,8.8,0.9383714237345522
41.4160558,2.1421504,834.0,0.9871941764008805,8.790000000000001,9.3,0.9999593702386999,8.4,0.9402200778737092
41.3993329,2.1974184,451.2,0.9841577789063823,9.129999999999999,9.4,0.999715591670899,9.0,0.9611444049432877
41.4258248,2.191206,776.7,0.9116654816319623,8.48,9.4,0.9963230066023362,8.2,0.5636295920094803
41.4145614,2.1658677,641.3,0.9877386152023023,8.98,9.4,0.998395124428644,8.4,0.971383104790926
41.385004,2.1429115,692.4,0.9674596241747079,8.98,9.1,0.988183511088539,8.9,0.9378567800914169
41.385503,2.1634768,596.2,0.9885146436431352,9.280000000000001,9.4,0.9999661418655832,9.2,0.9445471474521754
41.381951,2.147474,622.4,0.9820111731843577,9.080000000000002,9.4,0.9999322837311664,9.0,0.9378567800914169
41.3912605,2.1476308,765.5,0.9794833248687999,9.13,9.4,0.9988623666835957,9.0,0.9562688335872693
41.391313,2.1808391,561.4,0.9953004909429491,9.3,9.4,0.9999119688505164,9.2,0.9803893685457932
41.386543,2.169427,637.6,0.9951589639410867,9.280000000000001,9.4,0.9999661418655832,9.2,0.9830641611647198
41.402988,2.1344691,817.7,0.8574403250380905,8.74,9.3,0.9975283561875741,8.4,0.16369730827831386
41.363279,2.1341586,584.5,0.9654870492635856,8.459999999999999,9.0,0.9863687150837989,8.1,0.8991298459454884
41.3573288,2.1371996,661.2,0.9763941086846113,8.19,9.0,0.9914609785000846,7.8,0.9247062806839343
41.3890626,2.1679313,686.1,0.9958855595056713,9.3,9.4,0.9999661418655832,9.2,0.9916979854410022
41.4267638,2.1521909,806.4,0.8754751989165396,8.419999999999998,8.7,0.974403250380904,8.2,0.2530760115117657
41.4357978,2.163872,723.3,0.8779685119349925,8.43,8.7,0.9834772304046047,8.3,0.2530760115117657
41.380955,2.1934636,648.4,0.9886981547316743,9.1,9.2,0.9999390553580497,8.9,0.9672524123920772
41.4021805,2.1829894,733.6,0.9971261215507026,9.21,9.5,0.9999796851193499,8.9,0.9888403588962248
41.3789061,2.1233038,577.5,0.9652764516675132,8.95,9.2,0.9998510242085661,8.6,0.9009446419502285
41.4048623,2.174799,396.7,0.995632977822922,9.29,9.5,0.9999796851193499,9.1,0.971383104790926
41.3741093,2.1481993,659.9,0.9857748434061284,9.1,9.4,0.9999322837311664,9.0,0.9378567800914169
41.387493,2.1690686,651.2,0.996532249873032,9.3,9.4,0.9999661418655832,9.2,0.9925850685627222
41.3913036,2.189476,853.4,0.9878605044862029,9.2,9.4,0.9999119688505164,9.1,0.9621601489757914
41.3838369,2.1914756,649.0,0.9870214999153546,9.139999999999997,9.3,0.9994244117149145,9.1,0.9661824953445065
41.3896642,2.1999572,735.2,0.9845092263416285,8.99,9.3,0.999715591670899,8.7,0.9312815303876757
41.3854003,2.1521802,730.2,0.9838645674623328,9.209999999999999,9.4,0.9967970204841713,9.1,0.9445471474521754
41.371366,2.143565,784.0,0.9835178601659049,9.08,9.2,0.9999322837311664,9.0,0.9378567800914169
41.377846,2.150523,589.7,0.9834183172507196,9.09,9.4,0.9999322837311664,9.0,0.9378567800914169
41.3979002,2.2088454,629.4,0.9730143897071273,9.07,9.4,0.999715591670899,8.8,0.8863111562552903
41.433934,2.1896502,545.2,0.9242146605722026,8.56,9.4,0.9996749619095988,8.2,0.5636295920094803
41.3900544,2.1775594,565.6,0.9955991196885053,9.3,9.4,0.9999119688505164,9.2,0.9803893685457932
41.4003793,2.1924144,613.4,0.9732778059928899,9.120000000000001,9.4,0.9979481970543423,8.9,0.8863111562552903
41.4158807,2.1908473,863.3,0.9460030472320977,8.64,8.9,0.995374978838666,8.5,0.8880108346030133
41.39212,2.1874966,813.5,0.9915266632808534,9.23,9.4,0.9999119688505164,9.1,0.9621601489757914
41.3933173,2.1812483,638.0,0.9951034366006434,9.28,9.4,0.9999119688505164,9.1,0.9803893685457932
41.3812425,2.1933482,688.6,0.9875598442525817,9.12,9.2,0.9999390553580497,9.1,0.9661824953445065
41.4035608,2.1609345,725.8,0.9734511596411037,9.080000000000002,9.2,0.9993837819536143,9.0,0.8912002708650754
41.3787064,2.1443579,690.9,0.9789720670391061,9.120000000000001,9.4,0.9999322837311664,9.0,0.9378567800914169
41.3811923,2.1735007,560.4,0.9916262061960385,9.260000000000002,9.4,0.9998781107160996,9.2,0.9683087861858811
41.3855644,2.1773214,623.4,0.9958374809547994,9.290000000000001,9.4,0.9999119688505164,9.2,0.9830641611647198
41.3889972,2.1923283,700.8,0.984570848146267,9.11,9.3,0.9994244117149145,9.0,0.9262976130015236
41.4092005,2.16400285,763.1,0.9772852547824614,9.070000000000002,9.4,0.998395124428644,8.9,0.952185542576604
41.3785631,2.1202487,521.3,0.9599681733536481,8.77,9.2,0.9998510242085661,8.5,0.9009446419502285
41.4053649,2.2162094,562.9,0.9849730827831387,8.55,9.1,0.9991535466395801,8.2,0.9611782630777044
41.3908477,2.136579,638.4,0.961891315388522,8.81,9.0,0.9982800067716269,8.7,0.9172913492466566
41.3675438,2.1342316,751.7,0.9784885728796342,8.75,9.2,0.9873438293550025,8.4,0.947635009310987
41.384972,2.1376205,606.2,0.9689101066531235,8.969999999999999,9.2,0.9982800067716269,8.8,0.9389402403927544
41.4082107,2.1689962,608.3,0.9938425596749619,9.27,9.5,0.9999796851193499,9.1,0.971383104790926
41.4040525,2.181199,638.5,0.9968444218723548,9.22,9.5,0.9999796851193499,8.9,0.9888403588962248
41.4017084,2.2053803,614.2,0.9841577789063823,9.129999999999999,9.4,0.999715591670899,9.0,0.9611444049432877
41.3919877,2.2037136,736.2,0.9877061113932623,9.0,9.3,0.999715591670899,8.6,0.9659590316573556
41.4054458,2.1663172,743.0,0.9938425596749619,9.27,9.5,0.9999796851193499,9.1,0.971383104790926
41.3875712,2.1469336,797.4,0.9806135093956323,9.11,9.4,0.9967970204841713,9.0,0.9592348061621805
41.4074444,2.1492066,534.8,0.9670919248349417,9.030000000000001,9.3,0.9965261554088369,8.9,0.9073438293550026
41.401061,2.169941,577.5,0.9970834603013374,9.27,9.5,0.9999796851193499,9.1,0.9916979854410022
41.389668,2.1599078,517.3,0.9905278483155578,9.24,9.4,0.9999661418655832,9.1,0.9445471474521754
41.3881175,2.1154135,737.2,0.952356864736753,8.68,9.3,0.999377010326731,8.3,0.7034569155239546
41.3714688,2.1629627,726.3,0.9898947012019639,9.24,9.4,0.9998713390892162,9.1,0.9683087861858811
41.3852585,2.155089,718.4,0.9826463517860164,9.209999999999999,9.4,0.9977450482478415,9.1,0.9445471474521754
41.3719688,2.1667829,761.1,0.987154900964957,9.209999999999999,9.4,0.9998713390892162,9.1,0.9683087861858811
41.3751852,2.1592394,685.8,0.987903165735568,9.179999999999998,9.4,0.9999322837311664,9.1,0.9683087861858811
41.3979779,2.1801069,697.6,0.9982840697477569,9.29,9.5,0.9999796851193499,9.1,0.9925850685627222
41.4164824,2.1801094,739.7,0.9634826477061115,8.780000000000001,9.4,0.998395124428644,8.5,0.8880108346030133
41.4315,2.18579,562.9,0.7820572202471643,8.580000000000002,9.4,0.9829558151345861,8.3,0.16634501438970714
41.3967169,2.1825085,782.1,0.9920507872016252,9.29,9.5,0.9999119688505164,9.1,0.9621601489757914
41.4027907,2.1956161,549.1,0.9721354325376673,9.090000000000002,9.4,0.9935330963263924,8.9,0.8863111562552903
41.3821658,2.1520645,708.2,0.9895033011681056,9.169999999999998,9.4,0.9999322837311664,9.1,0.9712612155070256
41.3685394,2.1328403,777.4,0.9701384797697647,8.869999999999997,9.2,0.9873438293550025,8.6,0.9107431860504486
41.3967524,2.1646338,693.2,0.9907316742847471,9.2,9.4,0.9999661418655832,9.1,0.9445471474521754
41.404511,2.189881,780.6,0.9776901980700863,9.080000000000002,9.4,0.9979481970543423,8.9,0.8863111562552903
41.4374904,2.1565742,881.2,0.8753424750296259,8.41,8.7,0.974403250380904,8.2,0.2530760115117657
41.3595484,2.1417765,794.8,0.9752822075503641,8.149999999999999,9.0,0.9978737091586254,7.5,0.9145420687320128
41.4167933,2.2058345,562.5,0.8450170983578806,8.030000000000001,8.5,0.9764482816996783,7.7,0.04627052649399018
41.4108005,2.1872438,480.8,0.9563081090231927,8.739999999999998,8.9,0.9923819197562215,8.6,0.8880108346030133
41.38031805998654,2.154437124811396,646.4,0.9880853224987304,9.179999999999998,9.4,0.9999322837311664,9.1,0.9683087861858811
41.3621232,2.1356187,651.6,0.9702515659387169,8.489999999999998,9.0,0.9863687150837989,8.1,0.8991298459454884
41.3832609,2.1392662,658.7,0.9727265955645843,9.010000000000002,9.2,0.9982800067716269,8.9,0.9378567800914169
